<?xml version="1.0" encoding="utf-8" ?>
<dwsync>
<file name="active.php" server="C:/wamp/www/GFCMS_08082011/" local="129433507400000000" remote="129433507400000000" />
<file name="add.php" server="C:/wamp/www/GFCMS_08082011/" local="129451670000000000" remote="129451670000000000" />
<file name="delete.php" server="C:/wamp/www/GFCMS_08082011/" local="129373389780000000" remote="129373389780000000" />
<file name="edit.php" server="C:/wamp/www/GFCMS_08082011/" local="129452562020000000" remote="129452562020000000" />
<file name="list.php" server="C:/wamp/www/GFCMS_08082011/" local="129451583660000000" remote="129451583660000000" />
<file name="list.php" server="D:/wamp/www/GFCMS/" local="129653463770965702" remote="129653463770000000" />
<file name="add.php" server="D:/wamp/www/GFCMS/" local="129657092257212521" remote="129657092250000000" />
<file name="edit.php" server="D:/wamp/www/GFCMS/" local="129657118786839929" remote="129657118780000000" />
<file name="delete.php" server="D:/wamp/www/ServerDC/" local="129662295684229679" remote="129662295680000000" />
<file name="active.php" server="D:/wamp/www/ServerDC/" local="129662295768615108" remote="129662295760000000" />
</dwsync>