<?xml version="1.0" encoding="utf-8" ?>
<dwsync>
<file name="active.php" server="C:/wamp/www/GFCMS_08082011/" local="129367022820000000" remote="129367022820000000" />
<file name="add.php" server="C:/wamp/www/GFCMS_08082011/" local="129609028320000000" remote="129609028320000000" />
<file name="delete.php" server="C:/wamp/www/GFCMS_08082011/" local="129367022820000000" remote="129367022820000000" />
<file name="edit.php" server="C:/wamp/www/GFCMS_08082011/" local="129609129513281250" remote="129609129510000000" />
<file name="list.php" server="C:/wamp/www/GFCMS_08082011/" local="129703885260000000" remote="129703885260000000" />
<file name="list.php" server="D:/wamp/www/GFCMS/" local="129653955971050497" remote="129653955970000000" />
<file name="add.php" server="D:/wamp/www/GFCMS/" local="129656759730018897" remote="129656759730000000" />
<file name="message.php" server="D:/wamp/www/GFCMS/" local="129654523819408172" remote="129654523810000000" />
<file name="edit.php" server="D:/wamp/www/GFCMS/" local="129658838723610059" remote="129658838720000000" />
<file name="delete.php" server="D:/wamp/www/GFCMS/" local="129659000727436148" remote="129659000720000000" />
<file name="active.php" server="D:/wamp/www/GFCMS/" local="129659000276030329" remote="129659000270000000" />
<file name="active.php" server="D:/wamp/www/ServerDC/" local="129660819372903860" remote="129660819370000000" />
<file name="edit.php" server="D:/wamp/www/ServerDC/" local="129660821928730044" remote="129660821920000000" />
<file name="add.php" server="D:/wamp/www/ServerDC/" local="129660822011914802" remote="129660822010000000" />
</dwsync>