<?xml version="1.0" encoding="utf-8" ?>
<dwsync>
<file name="active.php" server="C:/wamp/www/GFCMS_08082011/" local="129385292380000000" remote="129385292380000000" />
<file name="add.php" server="C:/wamp/www/GFCMS_08082011/" local="129604616420000000" remote="129604616420000000" />
<file name="delete.php" server="C:/wamp/www/GFCMS_08082011/" local="129385297960000000" remote="129385297960000000" />
<file name="edit.php" server="C:/wamp/www/GFCMS_08082011/" local="129385321720000000" remote="129385321720000000" />
<file name="list.php" server="C:/wamp/www/GFCMS_08082011/" local="129712382240000000" remote="129712382240000000" />
<file name="list.php" server="D:/wamp/www/GFCMS/" local="129653708349990321" remote="129653708340000000" />
<file name="message.php" server="D:/wamp/www/GFCMS/" local="129653706702626097" remote="129653706700000000" />
<file name="add.php" server="D:/wamp/www/GFCMS/" local="129655810520797905" remote="129655810520000000" />
<file name="edit.php" server="D:/wamp/www/GFCMS/" local="129655810764411839" remote="129655810760000000" />
<file name="delete.php" server="D:/wamp/www/GFCMS/" local="129653731544766986" remote="129653731540000000" />
<file name="list.php" server="D:/wamp/www/ServerDC/" local="129660794899389433" remote="129660794890000000" />
<file name="add.php" server="D:/wamp/www/ServerDC/" local="129661041621201995" remote="129661041620000000" />
<file name="edit.php" server="D:/wamp/www/ServerDC/" local="129662343041620568" remote="129662343040000000" />
<file name="delete.php" server="D:/wamp/www/ServerDC/" local="129664034581229199" remote="129664034580000000" />
<file name="message.php" server="D:/wamp/www/ServerDC/" local="129664033886319453" remote="129664033880000000" />
</dwsync>