<?xml version="1.0" encoding="utf-8" ?>
<dwsync>
<file name="add.php" server="D:/wamp/www/KIDS/" local="129647354112832150" remote="129647354110000000" />
<file name="edit.php" server="D:/wamp/www/KIDS/" local="129647362086538220" remote="129647362080000000" />
<file name="list.php" server="D:/wamp/www/ServerDC/" local="129664493255448680" remote="129664493250000000" />
<file name="edit.php" server="D:/wamp/www/ServerDC/" local="129664482257869655" remote="129664482250000000" />
<file name="delete.php" server="D:/wamp/www/ServerDC/" local="129664441872829762" remote="129664441870000000" />
<file name="active.php" server="D:/wamp/www/ServerDC/" local="129664441675038449" remote="129664441670000000" />
<file name="add.php" server="D:/wamp/www/ServerDC/" local="129664294576933517" remote="129664294570000000" />
<file name="message.php" server="D:/wamp/www/ServerDC/" local="129664347068065838" remote="129664347060000000" />
<file name="changepass.php" server="D:/wamp/www/ServerDC/" local="129664500963189538" remote="129664500960000000" />
</dwsync>