<?xml version="1.0" encoding="utf-8" ?>
<dwsync>
<file name="active.php" server="C:/wamp/www/GFCMS_08082011/" local="129385959480000000" remote="129385959480000000" />
<file name="add.php" server="C:/wamp/www/GFCMS_08082011/" local="129390553400000000" remote="129390553400000000" />
<file name="delete.php" server="C:/wamp/www/GFCMS_08082011/" local="129373934440000000" remote="129373934440000000" />
<file name="edit.php" server="C:/wamp/www/GFCMS_08082011/" local="129390368280000000" remote="129390368280000000" />
<file name="list.php" server="C:/wamp/www/GFCMS_08082011/" local="129385937140000000" remote="129385937140000000" />
<file name="message.php" server="D:/wamp/www/GFCMS/" local="129653465154044809" remote="129653465150000000" />
<file name="list.php" server="D:/wamp/www/GFCMS/" local="129653627873237314" remote="129653627870000000" />
<file name="add.php" server="D:/wamp/www/GFCMS/" local="129653699531365924" remote="129653699530000000" />
<file name="delete.php" server="D:/wamp/www/GFCMS/" local="129653665344020520" remote="129653665340000000" />
<file name="edit.php" server="D:/wamp/www/GFCMS/" local="129653699427039957" remote="129653699420000000" />
<file name="add.php" server="D:/wamp/www/ServerDC/" local="129662374375418453" remote="129662374370000000" />
<file name="edit.php" server="D:/wamp/www/ServerDC/" local="129662378352874099" remote="129662378350000000" />
<file name="list.php" server="D:/wamp/www/ServerDC/" local="129664007392234078" remote="129664007390000000" />
</dwsync>