<?xml version="1.0" encoding="utf-8" ?>
<dwsync>
<file name="active.php" server="C:/wamp/www/GFCMS_08082011/" local="129390759720000000" remote="129390759720000000" />
<file name="add.php" server="C:/wamp/www/GFCMS_08082011/" local="129606990560000000" remote="129606990560000000" />
<file name="delete.php" server="C:/wamp/www/GFCMS_08082011/" local="129390759820000000" remote="129390759820000000" />
<file name="edit.php" server="C:/wamp/www/GFCMS_08082011/" local="129549532720000000" remote="129549532720000000" />
<file name="list.php" server="C:/wamp/www/GFCMS_08082011/" local="129692748680000000" remote="129692748680000000" />
<file name="list.php" server="D:/wamp/www/GFCMS/" local="129653344339384606" remote="129653344330000000" />
<file name="delete.php" server="D:/wamp/www/GFCMS/" local="129653043591914521" remote="129653043590000000" />
<file name="message.php" server="D:/wamp/www/GFCMS/" local="129652985415967047" remote="129652985410000000" />
<file name="add.php" server="D:/wamp/www/GFCMS/" local="129657326625724284" remote="129657326620000000" />
<file name="edit.php" server="D:/wamp/www/GFCMS/" local="129657329900051565" remote="129657329900000000" />
</dwsync>