<?xml version="1.0" encoding="utf-8" ?>
<dwsync>
<file name="active.php" server="C:/wamp/www/GFCMS_08082011/" local="129433507000000000" remote="129433507000000000" />
<file name="add.php" server="C:/wamp/www/GFCMS_08082011/" local="129369487380000000" remote="129369487380000000" />
<file name="delete.php" server="C:/wamp/www/GFCMS_08082011/" local="129369659960000000" remote="129369659960000000" />
<file name="edit.php" server="C:/wamp/www/GFCMS_08082011/" local="129369487380000000" remote="129369487380000000" />
<file name="list.php" server="C:/wamp/www/GFCMS_08082011/" local="129369537180000000" remote="129369537180000000" />
<file name="add.php" server="D:/wamp/www/GFCMS/" local="129653458287582070" remote="129653458280000000" />
<file name="edit.php" server="D:/wamp/www/GFCMS/" local="129653458455841694" remote="129653458450000000" />
<file name="message.php" server="D:/wamp/www/GFCMS/" local="129653409301610233" remote="129653409300000000" />
<file name="list.php" server="D:/wamp/www/GFCMS/" local="129653450549099454" remote="129653450540000000" />
<file name="delete.php" server="D:/wamp/www/GFCMS/" local="129654559219542944" remote="129654559210000000" />
<file name="list.php" server="D:/wamp/www/ServerDC/" local="129664333507170199" remote="129664333500000000" />
</dwsync>