<?xml version="1.0" encoding="utf-8" ?>
<dwsync>
<file name="cls.data.php" server="D:/wamp/www/GFCMS/" local="129651236673917267" remote="129651236670000000" />
<file name="cls.language.php" server="D:/wamp/www/GFCMS/" local="129651278060644452" remote="129651278060000000" />
<file name="cls.template.php" server="D:/wamp/www/GFCMS/" local="129656934129343968" remote="129656934120000000" />
<file name="cls.module.php" server="D:/wamp/www/GFCMS/" local="129656555536473849" remote="129656555530000000" />
<file name="cls.menuitem.php" server="D:/wamp/www/GFCMS/" local="129656703920316765" remote="129656703920000000" />
<file name="cls.string.php" server="D:/wamp/www/GFCMS/" local="129655732867981302" remote="129655732860000000" />
<file name="cls.content.php" server="D:/wamp/www/GFCMS/" local="129656898954912106" remote="129656898950000000" />
<file name="cls.simple_image.php" server="D:/wamp/www/GFCMS/" local="129656815391172533" remote="129656815390000000" />
<file name="cls.category.php" server="D:/wamp/www/GFCMS/" local="129656903413567126" remote="129656903410000000" />
<file name="cls.data.php" server="D:/wamp/www/ServerDC/" local="129659289422349075" remote="129659289420000000" />
<file name="cls.content.php" server="D:/wamp/www/ServerDC/" local="129660831903050543" remote="129660831900000000" />
</dwsync>