<?xml version="1.0" encoding="utf-8" ?>
<dwsync>
<file name="active.php" server="C:/wamp/www/GFCMS_08082011/" local="129369631820000000" remote="129369631820000000" />
<file name="add.php" server="C:/wamp/www/GFCMS_08082011/" local="129389905260000000" remote="129389905260000000" />
<file name="delete.php" server="C:/wamp/www/GFCMS_08082011/" local="129369659600000000" remote="129369659600000000" />
<file name="edit.php" server="C:/wamp/www/GFCMS_08082011/" local="129390952560000000" remote="129390952560000000" />
<file name="list.php" server="C:/wamp/www/GFCMS_08082011/" local="129369620660000000" remote="129369620660000000" />
<file name="list.php" server="D:/wamp/www/GFCMS/" local="129653449452726745" remote="129653449450000000" />
<file name="message.php" server="D:/wamp/www/GFCMS/" local="129653388857790913" remote="129653388850000000" />
<file name="delete.php" server="D:/wamp/www/GFCMS/" local="129653400168777865" remote="129653400160000000" />
<file name="add.php" server="D:/wamp/www/GFCMS/" local="129653436830654804" remote="129653436830000000" />
<file name="edit.php" server="D:/wamp/www/GFCMS/" local="129653436918819847" remote="129653436910000000" />
</dwsync>